USE campus_trade_admin;

SET NAMES utf8mb4;

DELETE FROM reports;
DELETE FROM `orders`;
DELETE FROM goods;
DELETE FROM categories;
DELETE FROM colleges;
DELETE FROM students;
DELETE FROM admin_users;

INSERT INTO admin_users (id, username, password, nickname, role, created_at) VALUES
(1, 'admin', '123456', '超级管理员', 'admin', '2026-03-01 08:00:00'),
(2, 'auditor', '123456', '审核员', 'auditor', '2026-03-01 08:05:00');

INSERT INTO categories (id, name, sort, status, goods_count, created_at) VALUES
(1, '教材资料', 1, '启用', 9, '2026-03-01 08:00:00'),
(2, '数码产品', 2, '启用', 8, '2026-03-01 08:05:00'),
(3, '生活用品', 3, '启用', 8, '2026-03-01 08:10:00'),
(4, '运动器材', 4, '启用', 5, '2026-03-02 09:00:00'),
(5, '服饰鞋包', 5, '启用', 6, '2026-03-02 09:05:00'),
(6, '其他', 6, '启用', 4, '2026-03-03 10:00:00');

INSERT INTO colleges (id, name, code, student_count, goods_count, sort, status, created_at) VALUES
(1, '计算机学院', 'CS', 1280, 5, 1, '启用', '2026-03-01 08:20:00'),
(2, '商学院', 'BUS', 1120, 5, 2, '启用', '2026-03-01 08:25:00'),
(3, '外国语学院', 'FL', 760, 4, 3, '启用', '2026-03-01 08:30:00'),
(4, '机械工程学院', 'ME', 980, 4, 4, '启用', '2026-03-01 08:35:00'),
(5, '艺术学院', 'ART', 620, 5, 5, '启用', '2026-03-01 08:40:00'),
(6, '体育学院', 'PE', 540, 5, 6, '启用', '2026-03-01 08:45:00'),
(7, '法学院', 'LAW', 690, 2, 7, '启用', '2026-03-01 08:50:00'),
(8, '信息工程学院', 'IE', 1060, 4, 8, '启用', '2026-03-01 08:55:00'),
(9, '文学院', 'LIT', 720, 3, 9, '启用', '2026-03-01 09:00:00'),
(10, '数学学院', 'MATH', 810, 3, 10, '启用', '2026-03-01 09:05:00');

INSERT INTO students (id, username, nickname, phone, college, status, goods_count, created_at) VALUES
(1, 'stu2026001', '林同学', '13800010001', '计算机学院', '正常', 5, '2026-03-02 08:10:25'),
(2, 'stu2026002', '陈同学', '13800010002', '商学院', '正常', 3, '2026-03-03 09:22:14'),
(3, 'stu2026003', '周同学', '13800010003', '外国语学院', '正常', 2, '2026-03-04 10:35:48'),
(4, 'stu2026004', '吴同学', '13800010004', '机械工程学院', '正常', 4, '2026-03-05 11:08:32'),
(5, 'stu2026005', '郑同学', '13800010005', '艺术学院', '正常', 2, '2026-03-06 13:46:09'),
(6, 'stu2026006', '王同学', '13800010006', '体育学院', '正常', 3, '2026-03-07 15:19:53'),
(7, 'stu2026007', '李同学', '13800010007', '法学院', '正常', 1, '2026-03-08 16:27:41'),
(8, 'stu2026008', '赵同学', '13800010008', '信息工程学院', '正常', 4, '2026-03-09 18:04:16'),
(9, 'stu2026009', '孙同学', '13800010009', '文学院', '禁用', 1, '2026-03-10 08:55:07'),
(10, 'stu2026010', '钱同学', '13800010010', '数学学院', '正常', 2, '2026-03-11 09:31:44'),
(11, 'stu2026011', '何同学', '13800010011', '计算机学院', '正常', 3, '2026-03-12 10:12:36'),
(12, 'stu2026012', '高同学', '13800010012', '商学院', '正常', 2, '2026-03-13 11:49:20'),
(13, 'stu2026013', '郭同学', '13800010013', '外国语学院', '正常', 1, '2026-03-14 14:03:59'),
(14, 'stu2026014', '罗同学', '13800010014', '机械工程学院', '禁用', 2, '2026-03-15 15:26:11'),
(15, 'stu2026015', '梁同学', '13800010015', '艺术学院', '正常', 1, '2026-03-16 17:40:28'),
(16, 'stu2026016', '宋同学', '13800010016', '体育学院', '正常', 2, '2026-03-17 19:07:45'),
(17, 'stu2026017', '马同学', '13800010017', '法学院', '正常', 1, '2026-03-18 08:43:12'),
(18, 'stu2026018', '朱同学', '13800010018', '信息工程学院', '正常', 2, '2026-03-19 12:18:34'),
(19, 'stu2026019', '胡同学', '13800010019', '文学院', '正常', 1, '2026-03-20 16:52:06'),
(20, 'stu2026020', '许同学', '13800010020', '数学学院', '正常', 1, '2026-03-21 20:15:37');

INSERT INTO goods (id, name, category_id, category_name, price, seller_id, seller_name, college, status, views, description, created_at) VALUES
(1001, '高等数学同济第七版上册', 1, '教材资料', 18.00, 1, '林同学', '计算机学院', '在售', 236, '课堂用书，书角轻微磨损，重点处有少量笔记。', '2026-04-01 08:12:35'),
(1002, '大学英语四级真题套卷', 1, '教材资料', 12.00, 3, '周同学', '外国语学院', '已售', 168, '近三年真题，附听力材料二维码，部分试卷已做标记。', '2026-04-01 09:28:10'),
(1003, '数据结构课程设计参考书', 1, '教材资料', 26.00, 11, '何同学', '计算机学院', '在售', 198, '适合数据结构课程复习，内含算法示例。', '2026-04-02 10:05:46'),
(1004, '管理学原理教材', 1, '教材资料', 20.00, 2, '陈同学', '商学院', '待审核', 74, '商学院专业课教材，九成新。', '2026-04-02 14:36:22'),
(1005, '线性代数学习指导', 1, '教材资料', 15.00, 10, '钱同学', '数学学院', '在售', 143, '配套习题较完整，适合期末复习。', '2026-04-03 11:18:09'),
(1006, '考研政治背诵手册', 1, '教材资料', 10.00, 19, '胡同学', '文学院', '已下架', 91, '去年备考用书，内容保存完整。', '2026-04-03 16:42:51'),
(1007, '新编日语第二册教材', 1, '教材资料', 22.00, 13, '郭同学', '外国语学院', '审核驳回', 56, '教材封面有明显破损，需要重新上传清晰图片。', '2026-04-04 08:55:13'),
(1008, '概率论与数理统计教材', 1, '教材资料', 16.00, 20, '许同学', '数学学院', '在售', 118, '内页干净，有课程重点标注。', '2026-04-04 19:24:07'),
(1009, '法理学期末复习资料', 1, '教材资料', 9.00, 17, '马同学', '法学院', '已售', 87, '打印版资料，按章节整理。', '2026-04-05 09:17:44'),
(1010, 'iPad mini 6 64G', 2, '数码产品', 2450.00, 8, '赵同学', '信息工程学院', '待审核', 432, '蓝色，带保护壳和电容笔，屏幕无划痕。', '2026-04-05 20:03:18'),
(1011, '罗技 K380 蓝牙键盘', 2, '数码产品', 95.00, 1, '林同学', '计算机学院', '在售', 260, '粉色键盘，按键正常，适合平板和笔记本。', '2026-04-06 07:48:30'),
(1012, '小米降噪耳机', 2, '数码产品', 120.00, 12, '高同学', '商学院', '已售', 189, '充电盒正常，耳塞套齐全，已清洁。', '2026-04-06 13:26:55'),
(1013, '佳能入门单反相机', 2, '数码产品', 1680.00, 5, '郑同学', '艺术学院', '在售', 376, '摄影课使用，含镜头、肩带和相机包。', '2026-04-07 10:41:12'),
(1014, '宿舍用小米路由器', 2, '数码产品', 55.00, 18, '朱同学', '信息工程学院', '已下架', 104, '毕业闲置，信号稳定，电源适配器齐全。', '2026-04-07 18:09:39'),
(1015, '机械键盘青轴 87 键', 2, '数码产品', 138.00, 11, '何同学', '计算机学院', '审核驳回', 133, '商品描述缺少品牌和实物图，待重新提交。', '2026-04-08 09:33:27'),
(1016, 'Kindle Paperwhite', 2, '数码产品', 420.00, 3, '周同学', '外国语学院', '在售', 301, '阅读器正常使用，含保护套和数据线。', '2026-04-08 15:52:04'),
(1017, '二手显示器 24 英寸', 2, '数码产品', 360.00, 4, '吴同学', '机械工程学院', '在售', 245, '宿舍台式机使用，屏幕无坏点，支持 HDMI。', '2026-04-09 08:21:58'),
(1018, '宿舍折叠桌', 3, '生活用品', 35.00, 6, '王同学', '体育学院', '在售', 109, '桌面干净，可放床上学习使用。', '2026-04-09 12:44:16'),
(1019, '宜家台灯', 3, '生活用品', 42.00, 2, '陈同学', '商学院', '已售', 97, '白色台灯，亮度稳定，适合宿舍书桌。', '2026-04-10 10:07:23'),
(1020, '床帘支架全套', 3, '生活用品', 48.00, 15, '梁同学', '艺术学院', '待审核', 88, '适合上床下桌宿舍，配件齐全。', '2026-04-10 21:18:45'),
(1021, '迷你电煮锅', 3, '生活用品', 39.00, 9, '孙同学', '文学院', '已下架', 210, '小容量电煮锅，因宿舍规定已主动下架。', '2026-04-11 09:49:31'),
(1022, '收纳箱三件套', 3, '生活用品', 30.00, 16, '宋同学', '体育学院', '在售', 72, '透明收纳箱，适合宿舍衣柜整理。', '2026-04-11 17:35:06'),
(1023, '全身镜宿舍款', 3, '生活用品', 28.00, 14, '罗同学', '机械工程学院', '审核驳回', 64, '图片模糊，无法确认商品状态。', '2026-04-12 08:16:52'),
(1024, '九成新保温杯', 3, '生活用品', 25.00, 7, '李同学', '法学院', '在售', 61, '不锈钢杯，基本未使用，容量 500ml。', '2026-04-12 14:58:20'),
(1025, '宿舍小风扇', 3, '生活用品', 32.00, 18, '朱同学', '信息工程学院', '待审核', 116, '夹式小风扇，适合床边使用。', '2026-04-13 11:29:42'),
(1026, '羽毛球拍双拍套装', 4, '运动器材', 78.00, 6, '王同学', '体育学院', '在售', 154, '两支球拍加拍套，适合新手练习。', '2026-04-13 19:47:03'),
(1027, '瑜伽垫加厚款', 4, '运动器材', 36.00, 5, '郑同学', '艺术学院', '已售', 83, '淡蓝色瑜伽垫，使用次数少。', '2026-04-14 07:56:38'),
(1028, '篮球斯伯丁 7 号', 4, '运动器材', 68.00, 16, '宋同学', '体育学院', '在售', 191, '操场使用过几次，弹性正常。', '2026-04-14 16:22:11'),
(1029, '哑铃一对 5kg', 4, '运动器材', 60.00, 4, '吴同学', '机械工程学院', '待审核', 79, '宿舍健身用，外层包胶完好。', '2026-04-15 09:04:26'),
(1030, '乒乓球拍训练款', 4, '运动器材', 45.00, 12, '高同学', '商学院', '已下架', 67, '拍面有磨损，卖家暂时下架。', '2026-04-15 13:39:54'),
(1031, '耐克运动鞋 42 码', 5, '服饰鞋包', 180.00, 6, '王同学', '体育学院', '在售', 221, '尺码 42，穿过两次，不适合所以转让。', '2026-04-16 10:18:17'),
(1032, '帆布托特包', 5, '服饰鞋包', 24.00, 3, '周同学', '外国语学院', '在售', 75, '可放教材和电脑，干净无破损。', '2026-04-16 18:31:40'),
(1033, '毕业季正装外套', 5, '服饰鞋包', 90.00, 2, '陈同学', '商学院', '已售', 156, '面试和答辩可用，尺码 M。', '2026-04-17 08:45:05'),
(1034, '双肩电脑包', 5, '服饰鞋包', 65.00, 8, '赵同学', '信息工程学院', '待审核', 112, '可放 15.6 英寸电脑，背带完好。', '2026-04-17 15:12:33'),
(1035, '学院文化衫 L 码', 5, '服饰鞋包', 18.00, 1, '林同学', '计算机学院', '审核驳回', 49, '商品图片涉及个人信息，需要重新处理后上传。', '2026-04-18 11:06:49'),
(1036, '冬季围巾', 5, '服饰鞋包', 22.00, 15, '梁同学', '艺术学院', '在售', 58, '灰色围巾，柔软保暖，清洗后闲置。', '2026-04-18 20:27:14'),
(1037, '校园卡套挂绳', 6, '其他', 6.00, 19, '胡同学', '文学院', '在售', 43, '新的校园卡套，图案简洁。', '2026-04-19 09:58:02'),
(1038, '考研自习室座位垫', 6, '其他', 19.00, 10, '钱同学', '数学学院', '已售', 82, '久坐更舒服，已清洗。', '2026-04-19 16:40:36'),
(1039, '毕业照拍摄道具', 6, '其他', 38.00, 5, '郑同学', '艺术学院', '待审核', 71, '包含字母牌和小花束，适合毕业季拍摄。', '2026-04-20 10:23:59'),
(1040, '宿舍门帘磁吸款', 6, '其他', 29.00, 14, '罗同学', '机械工程学院', '已下架', 62, '尺寸不合适，卖家先下架重新测量。', '2026-04-20 18:51:28');

INSERT INTO `orders` (id, order_no, goods_id, goods_name, buyer_name, seller_name, amount, status, created_at) VALUES
(1, 'CT202604260001', 1001, '高等数学同济第七版上册', '陈同学', '林同学', 18.00, '已完成', '2026-04-26 08:10:22'),
(2, 'CT202604260002', 1011, '罗技 K380 蓝牙键盘', '周同学', '林同学', 95.00, '待交易', '2026-04-26 08:45:31'),
(3, 'CT202604260003', 1018, '宿舍折叠桌', '赵同学', '王同学', 35.00, '已完成', '2026-04-26 09:18:07'),
(4, 'CT202604260004', 1026, '羽毛球拍双拍套装', '李同学', '王同学', 78.00, '待交易', '2026-04-26 10:36:44'),
(5, 'CT202604260005', 1032, '帆布托特包', '钱同学', '周同学', 24.00, '已取消', '2026-04-26 14:05:19'),
(6, 'CT202604260006', 1037, '校园卡套挂绳', '许同学', '胡同学', 6.00, '已完成', '2026-04-26 18:27:53'),
(7, 'CT202604250001', 1002, '大学英语四级真题套卷', '郭同学', '周同学', 12.00, '已完成', '2026-04-25 08:32:16'),
(8, 'CT202604250002', 1009, '法理学期末复习资料', '林同学', '马同学', 9.00, '已完成', '2026-04-25 09:47:28'),
(9, 'CT202604250003', 1012, '小米降噪耳机', '何同学', '高同学', 120.00, '已完成', '2026-04-25 11:22:05'),
(10, 'CT202604250004', 1019, '宜家台灯', '梁同学', '陈同学', 42.00, '已取消', '2026-04-25 15:39:41'),
(11, 'CT202604250005', 1027, '瑜伽垫加厚款', '吴同学', '郑同学', 36.00, '已完成', '2026-04-25 20:14:36'),
(12, 'CT202604240001', 1033, '毕业季正装外套', '王同学', '陈同学', 90.00, '已完成', '2026-04-24 08:58:12'),
(13, 'CT202604240002', 1038, '考研自习室座位垫', '宋同学', '钱同学', 19.00, '已完成', '2026-04-24 10:26:49'),
(14, 'CT202604240003', 1005, '线性代数学习指导', '赵同学', '钱同学', 15.00, '待交易', '2026-04-24 13:44:08'),
(15, 'CT202604240004', 1016, 'Kindle Paperwhite', '胡同学', '周同学', 420.00, '已取消', '2026-04-24 19:31:27'),
(16, 'CT202604230001', 1013, '佳能入门单反相机', '梁同学', '郑同学', 1680.00, '待交易', '2026-04-23 09:06:33'),
(17, 'CT202604230002', 1017, '二手显示器 24 英寸', '何同学', '吴同学', 360.00, '已完成', '2026-04-23 11:51:24'),
(18, 'CT202604230003', 1022, '收纳箱三件套', '郑同学', '宋同学', 30.00, '已完成', '2026-04-23 16:20:57'),
(19, 'CT202604220001', 1024, '九成新保温杯', '马同学', '李同学', 25.00, '已完成', '2026-04-22 08:41:39'),
(20, 'CT202604220002', 1028, '篮球斯伯丁 7 号', '陈同学', '宋同学', 68.00, '待交易', '2026-04-22 12:17:06'),
(21, 'CT202604220003', 1031, '耐克运动鞋 42 码', '吴同学', '王同学', 180.00, '已取消', '2026-04-22 18:55:43'),
(22, 'CT202604210001', 1003, '数据结构课程设计参考书', '朱同学', '何同学', 26.00, '已完成', '2026-04-21 09:24:18'),
(23, 'CT202604210002', 1008, '概率论与数理统计教材', '林同学', '许同学', 16.00, '已完成', '2026-04-21 14:03:52'),
(24, 'CT202604210003', 1036, '冬季围巾', '罗同学', '梁同学', 22.00, '已取消', '2026-04-21 21:10:09'),
(25, 'CT202604200001', 1037, '校园卡套挂绳', '郭同学', '胡同学', 6.00, '已完成', '2026-04-20 10:33:45'),
(26, 'CT202604200002', 1011, '罗技 K380 蓝牙键盘', '高同学', '林同学', 95.00, '待交易', '2026-04-20 17:26:11'),
(27, 'CT202604190001', 1026, '羽毛球拍双拍套装', '孙同学', '王同学', 78.00, '已完成', '2026-04-19 09:12:30'),
(28, 'CT202604190002', 1018, '宿舍折叠桌', '李同学', '王同学', 35.00, '已取消', '2026-04-19 15:48:02'),
(29, 'CT202604180001', 1001, '高等数学同济第七版上册', '周同学', '林同学', 18.00, '已完成', '2026-04-18 11:07:55'),
(30, 'CT202604180002', 1017, '二手显示器 24 英寸', '陈同学', '吴同学', 360.00, '待交易', '2026-04-18 19:36:20');

INSERT INTO reports (id, goods_id, goods_name, reporter_name, reason, status, created_at) VALUES
(1, 1010, 'iPad mini 6 64G', '林同学', '图片与描述不一致，怀疑商品成色夸大。', '待处理', '2026-04-26 08:22:19'),
(2, 1021, '迷你电煮锅', '赵同学', '疑似违反宿舍电器管理规定。', '已通过', '2026-04-25 09:14:33'),
(3, 1007, '新编日语第二册教材', '周同学', '商品图片不清晰，无法确认教材版本。', '已通过', '2026-04-25 15:41:08'),
(4, 1015, '机械键盘青轴 87 键', '吴同学', '缺少品牌和实物图，信息不完整。', '已通过', '2026-04-24 10:06:27'),
(5, 1023, '全身镜宿舍款', '陈同学', '图片模糊，看不清商品状态。', '已通过', '2026-04-24 17:28:50'),
(6, 1035, '学院文化衫 L 码', '何同学', '图片中包含个人信息，需要打码后重新发布。', '已通过', '2026-04-23 08:49:12'),
(7, 1029, '哑铃一对 5kg', '王同学', '怀疑重量描述不准确，希望管理员核实。', '待处理', '2026-04-23 19:05:36'),
(8, 1034, '双肩电脑包', '朱同学', '商品标题和图片品牌不一致。', '待处理', '2026-04-22 11:32:44'),
(9, 1004, '管理学原理教材', '郭同学', '同一本书重复发布，疑似刷屏。', '已驳回', '2026-04-22 16:18:09'),
(10, 1020, '床帘支架全套', '梁同学', '担心配件不完整，申请管理员确认。', '已驳回', '2026-04-21 09:57:31'),
(11, 1025, '宿舍小风扇', '宋同学', '图片中看不到插头和电源线。', '待处理', '2026-04-21 20:46:15'),
(12, 1039, '毕业照拍摄道具', '郑同学', '商品数量描述不清楚。', '待处理', '2026-04-20 14:29:02'),
(13, 1014, '宿舍用小米路由器', '许同学', '卖家联系方式异常，无法完成交易。', '已驳回', '2026-04-19 10:13:48'),
(14, 1006, '考研政治背诵手册', '马同学', '资料年份描述不够明确。', '已驳回', '2026-04-18 13:22:57'),
(15, 1040, '宿舍门帘磁吸款', '李同学', '尺寸描述与图片标签不一致。', '待处理', '2026-04-18 18:40:26');
